time_s,note,hz,cents,string,fret,margin,start16,dur16,grid_error_ms
0.232,A3,221.65,13.0,D,7,2.19,0,1,0.0
0.627,G#3,211.08,28.4,A,11,1.50,5,1,38.8
0.789,B3,250.32,23.5,D,9,1.57,6,3,37.0
1.022,F#4,368.49,-7.1,B,7,2.58,9,3,9.1
1.718,A#3,234.31,9.1,D,8,2.82,17,3,12.1
2.159,A#3,235.17,15.4,D,8,1.71,22,2,19.7
2.299,B3,250.86,27.2,D,9,3.15,24,5,14.3
3.367,C#4,282.62,33.7,D,11,1.50,36,4,13.3
3.878,D#4,314.77,20.1,G,8,2.30,42,4,3.9
4.737,G#3,212.64,41.1,A,11,2.10,52,2,4.0
5.364,A#3,234.17,8.1,D,8,1.38,59,2,16.0
5.573,G3,196.49,4.3,A,10,1.65,62,2,35.1
5.898,E3,160.13,-49.9,A,7,1.76,65,9,29.8
7.059,F#3,191.11,56.3,A,9,2.06,79,2,23.0
7.500,G#3,206.36,-10.8,A,11,1.63,84,2,15.4
7.732,A#3,236.69,26.6,D,8,1.96,87,4,43.3
8.429,B3,248.52,11.0,D,9,1.53,95,2,40.4
8.824,B3,247.95,7.1,D,9,2.44,99,4,7.6
9.636,C#4,279.82,16.4,D,11,1.67,108,2,39.9
9.868,D#4,318.65,41.3,G,8,4.07,111,4,12.0
10.960,F#3,182.72,-21.5,A,9,1.93,124,1,23.8
11.146,A#3,231.45,-12.2,D,8,2.54,126,1,11.5
11.610,A#3,237.26,30.8,D,8,1.85,131,3,19.4
12.632,E4,328.01,-8.5,G,9,2.76,143,2,0.6
13.050,B3,247.60,4.6,D,9,2.28,148,4,15.0
13.398,F#4,370.95,4.5,B,7,2.52,152,6,13.5
13.978,A#3,238.48,39.7,D,8,1.34,159,1,39.9
14.118,C#4,281.25,25.2,D,11,2.50,160,6,12.7
14.977,C#4,281.89,29.1,D,11,1.76,170,1,4.8
15.139,G3,191.21,-42.8,A,10,1.67,172,2,6.1
15.348,D#4,312.64,8.4,G,8,2.20,174,3,29.5
15.813,B3,251.67,32.8,D,9,1.71,180,1,26.3
16.440,F#3,187.52,23.4,A,9,2.89,187,3,6.3
16.765,F#4,377.57,35.1,B,7,3.35,191,6,28.1
17.531,D4,288.01,-33.7,G,7,1.91,200,4,42.2
17.972,C#4,282.62,33.7,D,11,1.71,205,1,34.5
18.181,C#4,282.62,33.7,D,11,1.96,207,3,1.0
18.437,B3,246.37,-4.0,D,9,1.54,210,2,3.6
18.924,D#4,309.75,-7.7,G,8,3.63,216,4,36.3
19.342,D4,293.39,-1.6,G,7,1.52,220,2,34.9
19.482,C#4,280.18,18.6,D,11,3.65,222,2,0.8
19.737,F#4,377.97,36.9,B,7,2.50,225,6,3.9
20.759,C#4,281.40,26.2,D,11,2.23,237,2,22.7
21.269,B3,244.94,-14.1,D,9,2.00,243,1,32.1
21.432,C#4,281.88,29.1,D,11,2.76,245,4,43.0
21.804,B3,252.12,35.9,D,9,3.06,249,2,18.3
22.129,D#4,314.75,20.0,G,8,3.11,253,3,40.0
22.941,A#3,233.54,3.4,D,8,1.42,262,4,7.6
23.290,G#3,209.16,12.5,A,11,1.65,266,2,6.2
23.475,F#3,189.93,45.6,A,9,1.85,268,2,6.2
24.311,F#3,189.34,40.2,A,9,1.44,278,2,25.0
25.449,D#4,315.00,21.4,G,8,2.87,291,5,14.3
25.913,D4,287.43,-37.1,G,7,1.48,296,2,16.5
