t0,t1,note,midi,median_margin,second,frames
0.23219954648526078,0.34829931972789113,A3,57,2.193287105853998,G#3,6
0.46439909297052157,0.5804988662131519,B3,59,0.7392426021574483,A4,6
0.626938775510204,0.7430385487528345,G#3,56,1.5022407855301716,G#4,6
0.7894784580498866,0.9752380952380952,B3,59,1.5715285110176005,G4,9
1.0216780045351475,1.253877551020408,F#4,66,2.578773365665974,F#3,11
1.3003174603174603,1.3931972789115645,F#3,54,1.0297469480909065,G#3,5
1.4396371882086167,1.5325170068027212,C4,60,1.2913631035142998,G#3,5
1.7182766439909296,1.9272562358276644,A#3,58,2.816074609042282,A#4,10
1.9504761904761905,2.043356009070295,C4,60,1.6692211063912055,B3,5
2.159455782312925,2.2755555555555556,A#3,58,1.7133459680803735,D#4,6
2.2987755102040817,2.7399546485260773,B3,59,3.1458708509536057,E3,20
2.7631746031746034,2.8560544217687074,C4,60,2.0496336697558055,B3,5
2.948934240362812,3.1346938775510202,F#3,54,1.0705308470742443,E3,9
3.2043537414965986,3.320453514739229,F#3,54,0.7886068381400069,G3,6
3.3668934240362813,3.7384126984126986,C#4,61,1.5007705337799067,,17
3.877732426303855,4.179591836734694,D#4,63,2.304909686922244,D4,14
4.272471655328798,4.365351473922902,F3,53,0.9982264815850055,G3,5
4.73687074829932,4.9458503401360545,G#3,56,2.101802082276563,B3,10
4.992290249433107,5.154829931972789,A#3,58,1.100391553218973,B3,8
5.2477097505668935,5.340589569160998,A3,57,0.883725731371193,A#3,5
5.363809523809524,5.5495691609977325,A#3,58,1.3752342940172806,F#3,9
5.572789115646258,5.758548752834467,G3,55,1.6459248328989577,F#3,9
5.897868480725624,6.6873469387755105,E3,52,1.7570340162409153,,35
6.757006802721088,6.849886621315193,E3,52,0.8699006113086956,F#3,5
7.058866213151927,7.22140589569161,F#3,54,2.0595852675008004,A#4,8
7.500045351473923,7.7090249433106575,G#3,56,1.6311401832733048,A3,10
7.732244897959184,8.126984126984127,A#3,58,1.9618398741133651,G#3,18
8.196643990929704,8.289523809523809,E3,52,1.1371422810028111,G3,5
8.428843537414966,8.6378231292517,B3,59,1.5341282525074682,C4,10
8.823582766439909,9.148662131519274,B3,59,2.439616460599222,,15
9.287981859410431,9.427301587301587,C#4,61,0.7714316031734265,F#3,7
9.450521541950113,9.543401360544218,D4,62,0.6138757002557949,B3,5
9.636281179138322,9.775600907029478,C#4,61,1.6707135227654053,D4,7
9.868480725623582,10.193560090702947,D#4,63,4.072092967754244,D#5,15
10.24,10.356099773242631,F3,53,0.9349151470100425,E3,6
10.704399092970522,10.797278911564625,B3,59,0.6496160593230904,F#3,5
10.95981859410431,11.099138321995465,F#3,54,1.9299057754318127,A#3,7
11.145578231292516,11.284897959183674,A#3,58,2.5417491671285575,A#4,7
11.331337868480725,11.42421768707483,A3,57,1.298209923542153,A#3,5
11.609977324263038,11.818956916099774,A#3,58,1.8518442041856344,B3,10
11.842176870748299,12.120816326530612,G#3,56,1.1519456249931306,E3,13
12.19047619047619,12.283356009070294,E3,52,0.49711532149669324,G#3,5
12.631655328798185,12.84063492063492,E4,64,2.7591007752021786,,10
12.863854875283447,13.02639455782313,D#4,63,0.6117755914291498,G#3,8
13.049614512471654,13.374693877551021,B3,59,2.2799162936867017,B4,15
13.397913832199546,13.955192743764172,F#4,66,2.5201322633276337,G4,25
13.978412698412699,14.094512471655328,A#3,58,1.3366026390085342,G#3,6
14.117732426303855,14.605351473922903,C#4,61,2.4996790499597354,D4,22
14.814331065759637,14.930430839002268,C#4,61,0.51407465660541,D4,6
14.97687074829932,15.09297052154195,C#4,61,1.761474991358949,D4,6
15.139410430839002,15.27873015873016,G3,55,1.6680735548275987,C#4,7
15.348390022675737,15.557369614512472,D#4,63,2.2043684470121176,D#5,10
15.580589569160997,15.673469387755102,D4,62,1.055245875693318,C#4,5
15.81278911564626,15.928888888888888,B3,59,1.7093701979438585,C4,6
16.114648526077097,16.27718820861678,F#3,54,1.110492698414177,,8
16.300408163265306,16.39328798185941,E3,52,1.0698136183294977,F#3,5
16.439727891156462,16.741587301587302,F#3,54,2.8918625314629467,,14
16.764807256235827,17.322086167800453,F#4,66,3.3498514125201933,F#3,25
17.531065759637187,17.949024943310658,D4,62,1.9083665391669893,D5,19
17.972244897959182,18.11156462585034,C#4,61,1.7121413413782145,D4,7
18.18122448979592,18.413424036281178,C#4,61,1.9649089188814202,F#3,11
18.436643990929706,18.622403628117915,B3,59,1.5430455592088457,,9
18.784943310657596,18.877823129251702,B3,59,0.5737590186013399,C4,5
18.92426303854875,19.272562358276645,D#4,63,3.6269391774149784,G#3,16
19.342222222222222,19.458321995464853,D4,62,1.5189420690358704,G3,6
19.481541950113378,19.690521541950112,C#4,61,3.652895119578724,C#5,10
19.736961451247165,20.24780045351474,F#4,66,2.5046537092948835,,23
20.758639455782312,20.94439909297052,C#4,61,2.2344460182882138,D4,9
20.990839002267574,21.106938775510205,D4,62,0.954786902181274,C#4,6
21.269478458049885,21.408798185941045,B3,59,2.002680550569684,F#3,7
21.43201814058957,21.78031746031746,C#4,61,2.760655225174661,C#5,16
21.803537414965987,21.966077097505668,B3,59,3.0606154612085312,C#4,8
22.128616780045352,22.453696145124717,D#4,63,3.1054704113065714,,15
22.54657596371882,22.66267573696145,A#3,58,0.7381673481157476,B3,6
22.941315192743765,23.26639455782313,A#3,58,1.4199530078140068,B3,15
23.289614512471655,23.45215419501134,G#3,56,1.6472414879602262,G3,8
23.475374149659864,23.637913832199548,F#3,54,1.8454022977801108,,8
23.939773242630384,24.125532879818593,B3,59,0.7786411853728339,B4,9
24.3112925170068,24.473832199546486,F#3,54,1.4390501759551366,B3,8
24.589931972789117,24.729251700680273,G3,55,1.270763381318277,G4,7
24.752471655328797,24.845351473922904,G#3,56,0.8381739630293534,A3,5
24.91501133786848,25.054331065759637,B3,59,1.2914382079178104,F3,7
25.10077097505669,25.193650793650793,C#4,61,1.306652822831854,D4,5
25.44907029478458,25.890249433106575,D#4,63,2.8739908844686712,,20
25.913469387755104,26.05278911564626,D4,62,1.4766194946419002,C#4,7
