time_s,best,second,third,margin,best_score,second_score
0.186,B3,B4,C4,2.204,6.961,4.756
0.209,B3,A3,B4,0.294,5.826,5.533
0.232,A3,B3,A4,2.243,6.228,3.985
0.255,A3,A4,B3,3.208,6.579,3.372
0.279,A3,G#3,A4,3.147,6.647,3.500
0.302,A3,G#3,A4,2.143,6.437,4.294
0.325,A3,G#3,A4,1.141,5.907,4.766
0.348,A3,G#3,A#4,0.245,5.217,4.972
0.372,G#3,A3,A#4,0.027,5.313,5.285
0.395,G#3,A#3,A3,0.473,5.787,5.314
0.418,A#3,G#3,B3,0.426,6.178,5.753
0.441,B3,A#3,G#4,0.058,6.570,6.512
0.464,B3,A#3,A4,0.716,7.157,6.441
0.488,B3,A4,A#3,0.876,7.532,6.657
0.511,B3,A4,A3,0.704,7.580,6.875
0.534,B3,A4,A3,0.763,7.283,6.520
0.557,B3,A4,A3,0.849,6.712,5.864
0.580,B3,G#4,A3,0.377,5.992,5.615
0.604,G#4,A3,G#3,0.113,5.638,5.525
0.627,G#3,G#4,A3,1.285,7.314,6.028
0.650,G#3,G#4,A3,1.782,8.009,6.228
0.673,G#3,A3,G#4,1.953,8.023,6.070
0.697,G#3,G#4,A3,1.719,7.733,6.014
0.720,G#3,G#4,A3,1.034,7.273,6.238
0.743,G#3,G#4,A#3,0.101,6.337,6.237
0.766,A#3,F4,B3,1.168,6.761,5.593
0.789,B3,A#3,G4,0.427,7.716,7.289
0.813,B3,G4,A#3,1.283,9.019,7.736
0.836,B3,G4,A#3,1.572,9.787,8.216
0.859,B3,G4,B4,2.048,10.290,8.242
0.882,B3,G4,B4,2.521,10.607,8.086
0.906,B3,B4,G4,2.534,10.502,7.968
0.929,B3,B4,G4,2.064,9.888,7.824
0.952,B3,B4,C4,1.432,8.839,7.407
0.975,B3,B4,F#4,0.363,6.889,6.525
0.998,F#4,G#3,A3,0.286,6.162,5.876
1.022,F#4,G#3,A3,0.634,6.277,5.643
1.045,F#4,G#3,A3,1.293,6.618,5.325
1.068,F#4,G#3,F#3,2.502,6.998,4.496
1.091,F#4,F#3,D#5,2.977,7.986,5.009
1.115,F#4,F#3,A#3,2.919,8.745,5.826
1.138,F#4,F#3,F4,2.835,9.245,6.411
1.161,F#4,F#3,C#5,2.868,9.638,6.770
1.184,F#4,F#3,C#5,2.790,9.674,6.884
1.207,F#4,F#3,C#5,2.579,9.415,6.837
1.231,F#4,F#3,C#5,2.296,8.868,6.572
1.254,F#4,F#3,A3,0.246,7.675,7.429
1.277,F#3,F#4,A3,0.323,8.301,7.978
1.300,F#3,F#4,A3,1.030,9.624,8.594
1.324,F#3,F#4,G#3,1.472,10.364,8.892
1.347,F#3,G#3,F#4,1.596,10.693,9.096
1.370,F#3,G#3,A3,0.924,10.661,9.737
1.393,F#3,G#3,C4,0.394,10.379,9.985
1.416,G#3,C4,F#3,0.099,9.994,9.895
1.440,C4,G#3,F#3,0.602,10.398,9.796
1.463,C4,G#3,F#3,1.302,10.639,9.337
1.486,C4,F#3,G#3,1.794,10.493,8.699
1.509,C4,G#3,F#3,1.291,10.042,8.751
1.533,C4,G#3,F#3,0.481,9.343,8.862
1.556,G#3,C4,F#3,0.216,8.610,8.394
1.579,G#3,C4,G3,0.882,8.102,7.220
1.602,G#3,G3,C4,0.427,7.113,6.686
1.625,G#3,G3,E3,0.033,5.961,5.928
1.649,E3,G#3,G3,0.036,5.780,5.744
1.672,E3,G#3,A3,0.099,5.916,5.817
1.695,E3,G#3,A#3,0.608,6.083,5.474
1.718,A#3,E3,D#4,1.665,7.723,6.058
1.741,A#3,E3,A#4,3.324,9.225,5.901
1.765,A#3,A#4,E3,3.693,10.329,6.636
1.788,A#3,A#4,E3,3.688,10.987,7.299
1.811,A#3,A#4,E3,3.381,11.301,7.920
1.834,A#3,A#4,E3,3.024,11.270,8.246
1.858,A#3,A#4,E3,2.609,10.843,8.234
1.881,A#3,A#4,E3,2.367,10.270,7.903
1.904,A#3,A#4,C4,2.204,9.507,7.303
1.927,A#3,C4,E3,0.346,8.628,8.282
1.950,C4,E3,A#3,1.879,9.181,7.302
1.974,C4,E3,B3,2.209,9.983,7.773
1.997,C4,B3,E3,1.669,10.563,8.894
2.020,C4,B3,E3,0.915,10.799,9.885
2.043,C4,B3,G4,0.369,10.796,10.427
2.067,B3,C4,G4,0.141,10.808,10.666
2.090,B3,C4,G4,0.422,10.698,10.276
2.113,B3,C4,F4,0.147,10.048,9.901
2.136,B3,C4,F4,0.215,9.769,9.555
2.159,A#3,C4,F4,0.491,9.735,9.243
2.183,A#3,C4,F4,1.516,9.956,8.440
2.206,A#3,D#4,F4,1.911,9.879,7.968
2.229,A#3,D#4,G#3,2.331,10.434,8.103
2.252,A#3,D#4,G#3,2.148,10.642,8.494
2.276,A#3,B3,D#4,1.415,10.351,8.936
2.299,B3,A#3,D#4,0.602,10.400,9.798
2.322,B3,A#3,D#4,2.298,11.242,8.944
2.345,B3,D#4,A#3,3.447,11.606,8.159
2.368,B3,A#3,D#4,4.073,11.514,7.441
2.392,B3,A#3,E4,3.918,10.956,7.038
2.415,B3,A#3,D#4,4.158,10.836,6.678
2.438,B3,A#3,B4,4.500,10.730,6.230
2.461,B3,A#3,B4,4.752,10.495,5.742
2.485,B3,B4,A#3,4.763,10.500,5.737
2.508,B3,B4,E3,4.818,10.603,5.785
2.531,B3,E3,B4,3.809,10.513,6.704
2.554,B3,E3,G#3,3.294,10.865,7.571
2.577,B3,E3,G#3,2.920,11.311,8.391
2.601,B3,E3,G#3,2.998,11.913,8.916
2.624,B3,E3,G#3,2.875,12.085,9.209
2.647,B3,E3,G#3,2.702,11.995,9.292
2.670,B3,E3,G#3,2.364,11.582,9.219
2.694,B3,E3,A3,2.140,11.332,9.193
2.717,B3,E3,G3,2.067,10.905,8.838
2.740,B3,C4,E3,1.435,10.103,8.669
2.763,C4,B3,E3,0.505,9.444,8.939
2.786,C4,B3,A3,2.050,9.760,7.710
2.810,C4,B3,F#3,3.142,9.843,6.700
2.833,C4,F#3,C#4,2.353,9.523,7.170
2.856,C4,C#4,F#3,1.331,8.668,7.337
2.879,C#4,C4,F#3,0.061,7.469,7.408
2.902,C#4,C4,F#3,0.953,7.323,6.369
2.926,F#3,C#4,F#4,0.160,7.149,6.989
2.949,F#3,C#4,B3,1.226,7.482,6.256
2.972,F#3,D#4,C#4,1.607,7.151,5.544
2.995,F#3,D#4,B3,1.683,7.136,5.453
3.019,F#3,E3,D#4,1.309,6.752,5.443
3.042,F#3,E3,C4,1.071,6.431,5.360
3.065,F#3,E3,C4,0.814,6.015,5.200
3.088,F#3,E3,C4,0.518,5.526,5.008
3.111,F#3,E3,G3,0.439,5.764,5.325
3.135,F#3,F3,G3,0.130,6.052,5.923
3.158,G3,F#3,F3,0.061,6.719,6.658
3.181,F#3,G3,F3,0.273,7.797,7.524
3.204,F#3,G3,F3,0.560,8.639,8.079
3.228,F#3,G3,F3,0.750,9.156,8.406
3.251,F#3,G3,F3,0.827,9.367,8.540
3.274,F#3,G3,F3,1.033,9.170,8.137
3.297,F#3,C#4,F3,0.940,8.890,7.949
3.320,F#3,C#4,F3,0.350,8.792,8.442
3.344,C#4,F#3,F3,0.205,8.989,8.783
3.367,C#4,F#3,C#5,0.889,9.394,8.504
3.390,C#4,F#3,C#5,1.354,9.409,8.055
3.413,C#4,F#3,C#5,1.574,9.267,7.693
3.437,C#4,F#3,C#5,1.501,9.333,7.832
3.460,C#4,F#3,C#5,1.613,9.588,7.975
3.483,C#4,F#3,G3,1.614,9.603,7.989
3.506,C#4,G3,F#3,0.725,10.084,9.359
3.529,C#4,G3,C4,0.636,10.780,10.144
3.553,C#4,G3,D4,0.694,11.488,10.794
3.576,C#4,G3,D4,1.007,12.052,11.046
3.599,C#4,G3,D4,1.695,12.612,10.917
3.622,C#4,A4,G4,1.782,13.052,11.270
3.646,C#4,A4,G4,1.462,12.896,11.434
3.669,C#4,A4,G4,1.565,12.870,11.304
3.692,C#4,A4,D4,1.727,12.705,10.978
3.715,C#4,D4,A4,1.598,12.378,10.780
3.738,C#4,D4,A4,0.434,11.822,11.388
3.762,D4,C#4,D#4,0.711,11.793,11.082
3.785,D4,D#4,C#4,0.736,12.026,11.290
3.808,D4,D#4,D5,0.379,12.059,11.680
3.831,D4,D#4,D5,0.439,12.112,11.673
3.855,D4,D#4,D5,0.220,11.960,11.739
3.878,D#4,D4,D5,0.763,12.178,11.414
3.901,D#4,D4,D#5,1.922,12.370,10.449
3.924,D#4,D4,D#5,3.036,12.168,9.132
3.947,D#4,D#5,D4,3.004,11.640,8.636
3.971,D#4,D#5,D4,2.693,11.178,8.486
3.994,D#4,D#5,C#5,2.883,11.160,8.277
4.017,D#4,D#5,C#4,3.034,11.357,8.323
4.040,D#4,D#5,A4,3.018,11.623,8.605
4.063,D#4,D#5,A4,2.688,11.558,8.870
4.087,D#4,D4,A4,1.914,11.250,9.337
4.110,D#4,D4,A4,1.206,11.575,10.369
4.133,D#4,D4,A4,0.910,11.900,10.990
4.156,D#4,D4,A4,0.525,11.916,11.391
4.180,D#4,D4,A4,0.018,11.552,11.534
4.203,D4,D#4,F#4,0.583,11.345,10.761
4.226,D4,G3,D#4,1.195,11.000,9.805
4.249,D4,F3,G3,0.193,10.374,10.181
4.272,F3,G3,A3,0.564,10.988,10.424
4.296,F3,G3,A3,0.998,11.497,10.498
4.319,F3,A3,F#3,1.182,11.667,10.485
4.342,F3,A3,F#3,1.279,11.433,10.154
4.365,F3,F#3,A3,0.213,10.814,10.601
4.389,F#3,F3,E3,0.642,10.498,9.856
4.412,F#3,G3,F3,0.780,9.853,9.073
4.435,G3,F#3,G#3,0.868,9.624,8.756
4.458,G3,G#3,F#3,0.895,10.085,9.190
4.481,G3,G#3,F#3,0.550,10.301,9.751
4.505,G3,G#3,F#3,0.392,10.466,10.073
4.528,G3,F#3,G#3,0.348,10.548,10.201
4.551,G3,F#3,G#3,0.316,10.421,10.104
4.574,G3,F#3,G#3,0.112,10.162,10.050
4.598,F#3,G3,B3,0.072,9.801,9.729
4.621,F#3,B3,G3,0.032,9.218,9.186
4.644,B3,G3,F#3,0.840,9.031,8.191
4.667,B3,B4,A#3,0.951,9.030,8.079
4.690,B3,B4,G#3,0.818,9.314,8.496
4.714,B3,B4,G#3,0.696,9.391,8.695
4.737,G#3,B3,B4,0.371,9.016,8.645
4.760,G#3,B3,B4,0.969,9.274,8.305
4.783,G#3,B3,B4,1.612,10.171,8.559
4.807,G#3,B3,G#4,2.004,10.719,8.715
4.830,G#3,B3,G#4,2.280,11.046,8.766
4.853,G#3,G#4,B3,2.573,11.361,8.788
4.876,G#3,G#4,B3,2.498,11.228,8.730
4.899,G#3,G#4,B3,2.350,10.578,8.228
4.923,G#3,A#3,B3,2.200,9.474,7.274
4.946,G#3,F#3,A#3,0.463,8.444,7.981
4.969,A#3,F#3,B3,0.333,9.105,8.773
4.992,A#3,B3,F#3,0.690,10.345,9.654
5.016,A#3,B3,F#3,0.493,11.213,10.720
5.039,A#3,B3,F#3,0.923,12.324,11.401
5.062,A#3,B3,F#3,1.364,13.114,11.750
5.085,A#3,B3,D4,1.813,13.485,11.672
5.108,A#3,D4,B3,2.178,13.507,11.329
5.132,A#3,D4,G#4,1.277,13.154,11.877
5.155,A#3,D4,G#4,0.220,12.433,12.213
5.178,D4,A#3,G#4,0.688,12.218,11.530
5.201,D4,A#3,A3,0.846,12.147,11.301
5.224,D4,A3,A#3,0.305,11.754,11.449
5.248,A3,D4,A#3,0.884,12.197,11.313
5.271,A3,A#3,D4,1.529,12.661,11.132
5.294,A3,A#3,D4,1.215,12.756,11.541
5.317,A3,A#3,A4,0.615,12.454,11.839
5.341,A3,A#3,A#4,0.154,11.983,11.829
5.364,A#3,A3,A#4,0.408,11.662,11.254
5.387,A#3,A3,A#4,1.375,11.402,10.026
5.410,A#3,A#4,A3,2.088,11.261,9.173
5.433,A#3,A#4,A3,1.942,10.956,9.014
5.457,A#3,A#4,F#3,2.198,10.867,8.670
5.480,A#3,F#3,A#4,2.178,10.430,8.252
5.503,A#3,F#3,A#4,1.076,9.745,8.670
5.526,A#3,F#3,A#4,0.188,8.930,8.742
5.550,A#3,F#3,G3,0.236,8.631,8.395
5.573,G3,A#3,F#3,1.646,10.367,8.721
5.596,G3,A3,F#3,2.574,11.706,9.132
5.619,G3,F#3,A3,2.461,12.595,10.134
5.642,G3,F#3,E3,2.477,13.091,10.614
5.666,G3,F#3,E3,1.805,13.446,11.641
5.689,G3,F#3,E3,1.547,13.539,11.992
5.712,G3,F#3,B3,1.126,13.314,12.188
5.735,G3,F#3,B3,0.571,12.695,12.124
5.759,G3,F#3,B3,0.102,12.003,11.901
5.782,F#3,B3,G3,0.266,11.448,11.181
5.805,B3,E3,F3,0.250,10.929,10.679
5.828,E3,F3,B3,0.041,10.925,10.884
5.851,E3,F3,B3,0.101,10.975,10.874
5.875,E3,F3,B3,0.337,10.890,10.553
5.898,E3,F3,B3,1.064,11.189,10.125
5.921,E3,F3,B3,1.540,11.178,9.638
5.944,E3,F3,G#3,2.132,11.187,9.055
5.968,E3,G#3,F3,2.233,11.320,9.087
5.991,E3,F3,G#3,2.281,11.329,9.048
6.014,E3,F3,A3,1.951,11.121,9.170
6.037,E3,F3,A3,1.887,11.079,9.192
6.060,E3,F3,A3,1.839,11.037,9.198
6.084,E3,F3,A3,1.693,11.037,9.344
6.107,E3,A3,F3,1.609,11.410,9.801
6.130,E3,A3,F3,1.231,11.750,10.519
6.153,E3,A3,F3,1.360,12.287,10.927
6.177,E3,A3,G#3,1.792,12.988,11.197
6.200,E3,A3,G#3,2.181,13.623,11.443
6.223,E3,A3,G#3,2.763,14.280,11.516
6.246,E3,A3,E4,3.101,14.767,11.666
6.269,E3,E4,A3,2.972,15.012,12.040
6.293,E3,E4,A3,2.830,14.956,12.127
6.316,E3,E4,A3,2.515,14.689,12.174
6.339,E3,E4,A3,2.241,14.243,12.002
6.362,E3,E4,A3,2.085,13.656,11.571
6.385,E3,E4,A3,1.955,12.948,10.993
6.409,E3,E4,G#3,1.606,11.912,10.306
6.432,E3,E4,G#3,1.060,10.578,9.518
6.455,E3,E4,G#3,1.267,10.115,8.848
6.478,E3,G#3,E4,1.336,9.921,8.584
6.502,E3,G#3,F3,0.375,9.865,9.489
6.525,E3,G#3,F3,0.866,10.843,9.977
6.548,E3,G3,F3,1.195,12.234,11.039
6.571,E3,G3,F3,1.270,13.215,11.945
6.594,E3,G3,F3,1.512,13.874,12.362
6.618,E3,G3,F3,1.757,14.155,12.398
6.641,E3,F#3,G3,1.776,14.102,12.326
6.664,E3,F#3,G3,1.152,13.727,12.575
6.687,E3,F#3,G3,0.494,12.938,12.444
6.711,F#3,E3,G3,0.073,12.080,12.007
6.734,E3,F#3,E4,0.149,11.763,11.614
6.757,E3,F#3,E4,0.673,11.504,10.831
6.780,E3,F#3,E4,0.870,10.752,9.882
6.803,E3,F#3,E4,0.994,9.705,8.710
6.827,E3,F#3,B3,1.145,8.658,7.513
6.850,E3,B3,F#4,0.707,7.763,7.056
6.873,A4,A3,B3,0.247,7.506,7.260
6.896,A3,A4,G4,0.182,8.241,8.060
6.920,A3,A4,G4,0.489,8.780,8.291
6.943,A3,G4,A4,0.176,8.967,8.791
6.966,G4,A3,B3,0.072,8.954,8.882
6.989,G4,A3,B3,0.448,8.845,8.398
7.012,G4,A3,F#4,0.428,8.650,8.222
7.036,G4,F#3,A3,0.528,8.291,7.763
7.059,F#3,G4,A#4,1.234,8.896,7.662
7.082,F#3,A#4,F#4,2.177,9.965,7.788
7.105,F#3,A#4,F#4,2.602,10.738,8.136
7.129,F#3,A#4,F#4,2.168,11.118,8.950
7.152,F#3,A#4,F#4,2.116,11.618,9.502
7.175,F#3,A#4,C4,2.003,11.783,9.780
7.198,F#3,C4,B3,1.900,11.812,9.912
7.221,F#3,B3,C4,0.686,11.603,10.917
7.245,B3,F#3,G3,0.226,11.574,11.347
7.268,B3,G3,E3,0.319,12.006,11.686
7.291,B3,E3,G3,0.069,12.058,11.989
7.314,G3,E3,B3,0.003,12.004,12.000
7.338,E3,G3,G#3,0.170,11.987,11.817
7.361,E3,G3,F#3,0.271,11.651,11.380
7.384,E3,G3,G#3,0.476,11.219,10.743
7.407,E3,G3,G#3,0.695,10.533,9.839
7.430,E3,G3,G#3,0.425,9.827,9.402
7.454,G3,G#3,A3,0.320,9.168,8.848
7.477,G3,G#3,A3,0.313,8.884,8.572
7.500,G#3,G3,A3,0.454,8.963,8.509
7.523,G#3,G3,A3,1.019,9.395,8.376
7.546,G#3,A3,G3,1.245,9.563,8.318
7.570,G#3,A3,G3,1.472,9.621,8.149
7.593,G#3,A3,G3,1.790,9.481,7.690
7.616,G#3,A3,G3,1.949,8.841,6.891
7.639,G#3,A3,G#4,3.118,8.727,5.609
7.663,G#3,G#4,A#3,3.091,8.720,5.629
7.686,G#3,A#3,G#4,2.432,8.530,6.098
7.709,G#3,A#3,B3,0.140,7.954,7.814
7.732,A#3,B3,G#3,1.986,9.275,7.289
7.755,A#3,B3,A#4,2.544,10.457,7.914
7.779,A#3,B3,A#4,3.048,11.383,8.335
7.802,A#3,B3,C4,3.405,12.089,8.685
7.825,A#3,C4,B3,3.687,12.402,8.716
7.848,A#3,C4,B3,3.263,12.390,9.126
7.872,A#3,C4,A#4,3.314,12.399,9.086
7.895,A#3,C4,G#3,3.353,12.139,8.787
7.918,A#3,G#3,C4,2.447,11.804,9.357
7.941,A#3,G#3,C4,1.938,11.792,9.855
7.964,A#3,G#3,G#4,1.735,11.825,10.090
7.988,A#3,G#3,G#4,1.344,12.079,10.735
8.011,A#3,G#3,A3,1.209,12.585,11.376
8.034,A#3,G#3,A3,0.976,12.880,11.904
8.057,A#3,G#3,E3,0.963,12.924,11.961
8.081,A#3,G#3,E3,1.249,12.674,11.425
8.104,A#3,G3,E3,1.041,12.338,11.297
8.127,A#3,G3,E3,0.218,11.735,11.518
8.150,G3,E3,A#3,0.690,11.473,10.783
8.173,G3,E3,A#3,0.308,11.054,10.745
8.197,E3,G3,G4,0.427,10.696,10.269
8.220,E3,G3,A#3,1.137,10.157,9.020
8.243,E3,A#3,A3,1.826,10.325,8.499
8.266,E3,A3,A#3,1.855,10.577,8.722
8.290,E3,A#3,A3,0.417,10.295,9.878
8.313,A#3,E3,C4,0.445,10.732,10.287
8.336,A#3,C4,B3,0.653,11.110,10.457
8.359,A#3,C4,B3,0.081,11.224,11.144
8.382,C4,B3,A#3,0.013,11.404,11.391
8.406,B3,C4,A#3,0.030,11.420,11.391
8.429,B3,C4,A#3,0.718,11.618,10.900
8.452,B3,C4,A#3,1.490,11.543,10.053
8.475,B3,C4,B4,1.528,11.629,10.101
8.499,B3,C4,B4,1.645,12.048,10.403
8.522,B3,C4,B4,1.682,12.448,10.766
8.545,B3,C4,B4,1.656,12.684,11.028
8.568,B3,C4,B4,1.540,12.687,11.147
8.591,B3,C4,E3,1.829,12.704,10.876
8.615,B3,E3,C4,1.431,12.614,11.183
8.638,B3,E3,A3,0.768,12.200,11.432
8.661,E3,B3,A3,0.033,11.311,11.278
8.684,A3,G#3,E3,0.049,11.273,11.224
8.707,A3,G#3,E3,0.040,11.378,11.339
8.731,A3,G#3,E3,0.082,11.407,11.325
8.754,A3,G#3,G#4,0.080,11.141,11.061
8.777,A3,G#3,G#4,0.115,10.698,10.582
8.800,A3,G#3,B3,0.144,10.276,10.132
8.824,B3,A3,G#3,1.166,10.796,9.630
8.847,B3,C4,B4,2.440,11.440,9.000
8.870,B3,B4,C4,2.027,11.626,9.598
8.893,B3,B4,F#4,2.262,12.031,9.769
8.916,B3,B4,F#4,2.623,12.196,9.572
8.940,B3,B4,F#4,3.116,12.038,8.922
8.963,B3,F#4,B4,3.661,11.613,7.952
8.986,B3,F#4,F4,3.406,11.123,7.717
9.009,B3,F#4,F4,3.372,10.826,7.454
9.033,B3,C4,F#4,3.137,10.328,7.192
9.056,B3,F#4,C4,3.045,9.903,6.858
9.079,B3,F3,F#4,2.388,9.727,7.339
9.102,B3,F3,F#3,1.386,9.277,7.891
9.125,B3,F3,G#3,0.780,8.839,8.058
9.149,B3,F3,G#3,0.108,7.939,7.832
9.172,F#3,G3,G#3,0.109,7.969,7.860
9.195,F3,G#3,G3,0.069,8.500,8.431
9.218,F3,G#3,G3,0.298,9.002,8.704
9.242,F3,F#3,G3,0.508,9.043,8.535
9.265,C#4,F#3,F3,0.217,8.646,8.429
9.288,C#4,F#3,G3,0.568,8.638,8.071
9.311,C#4,G3,F#3,0.747,8.368,7.621
9.334,C#4,F#3,G3,1.168,8.444,7.276
9.358,C#4,F#3,G3,1.310,8.538,7.228
9.381,C#4,F#3,G3,1.144,8.543,7.399
9.404,C#4,F#3,G3,0.771,8.423,7.651
9.427,C#4,D4,B3,0.579,8.419,7.840
9.451,D4,C#4,B3,0.525,9.061,8.536
9.474,D4,B3,A4,0.823,10.326,9.503
9.497,D4,B3,D#4,0.716,11.153,10.437
9.520,D4,B3,D#4,0.614,11.681,11.067
9.543,D4,B3,D#4,0.458,11.773,11.315
9.567,D#4,D4,B3,0.013,11.631,11.618
9.590,D#4,D4,G#3,0.228,11.715,11.487
9.613,D#4,C#4,D4,0.494,11.546,11.053
9.636,C#4,D#4,D4,0.582,11.646,11.065
9.660,C#4,D#4,G#4,1.535,11.869,10.334
9.683,C#4,D4,D#4,2.245,11.800,9.555
9.706,C#4,D4,D#4,1.909,11.595,9.686
9.729,C#4,D4,D#4,2.050,11.402,9.352
9.752,C#4,D4,D#4,1.671,11.262,9.591
9.776,C#4,D4,D#4,0.246,10.615,10.368
9.799,D4,C#4,D#4,0.956,10.826,9.870
9.822,D4,D#4,C#4,1.024,10.921,9.897
9.845,D#4,D4,C#4,0.069,10.909,10.840
9.868,D#4,D4,D#5,1.180,11.699,10.519
9.892,D#4,D4,D#5,2.169,12.247,10.078
9.915,D#4,D4,D#5,3.106,12.333,9.226
9.938,D#4,D4,D#5,4.072,12.154,8.082
9.961,D#4,D#5,D4,4.275,12.144,7.869
9.985,D#4,D#5,D4,4.158,12.050,7.893
10.008,D#4,D#5,E4,4.110,11.848,7.738
10.031,D#4,D#5,C#5,4.215,11.636,7.421
10.054,D#4,D#5,C#5,4.510,11.436,6.926
10.077,D#4,D#5,C#5,4.400,11.172,6.772
10.101,D#4,D#5,C#5,4.317,10.768,6.451
10.124,D#4,C#5,D#5,3.530,10.755,7.226
10.147,D#4,C#4,C#5,2.737,10.435,7.699
10.170,D#4,C#4,D4,1.591,9.964,8.372
10.194,D#4,C#4,D4,0.879,9.576,8.697
10.217,F3,C#4,D#4,0.099,9.152,9.053
10.240,F3,A#3,C#4,0.946,10.315,9.369
10.263,F3,E3,A#3,1.092,10.919,9.827
10.286,F3,E3,G3,0.899,11.222,10.323
10.310,F3,E3,G3,0.986,11.323,10.337
10.333,F3,G3,E3,0.923,11.028,10.105
10.356,F3,G3,E3,0.292,10.312,10.020
10.379,G3,E3,F3,0.085,9.695,9.610
10.403,G3,E3,F#3,0.348,9.352,9.004
10.426,G3,E3,F#3,0.417,9.213,8.796
10.449,G3,E3,E4,0.305,9.397,9.092
10.472,E3,G3,E4,0.385,9.879,9.494
10.495,E3,G3,E4,1.083,10.664,9.581
10.519,E3,G3,E4,0.676,11.052,10.377
10.542,E3,G3,E4,0.373,11.075,10.703
10.565,E3,G3,E4,0.244,10.793,10.549
10.588,E3,G3,E4,0.217,10.273,10.056
10.612,E3,G3,F#3,0.697,9.846,9.149
10.635,E3,F#3,G3,0.910,9.524,8.614
10.658,E3,F#3,B3,0.418,9.071,8.653
10.681,B3,E3,F#3,0.266,8.712,8.446
10.704,B3,F#3,E3,0.514,8.731,8.217
10.728,B3,F#3,E3,0.650,8.746,8.096
10.751,B3,A#3,E3,0.950,8.712,7.762
10.774,B3,A#3,B4,1.010,8.732,7.722
10.797,B3,G#3,G#4,0.321,8.378,8.057
10.820,G#3,G#4,B3,0.602,8.742,8.139
10.844,G#3,G#4,B3,0.489,9.062,8.574
10.867,G#3,G#4,B3,0.211,9.075,8.864
10.890,G#3,G#4,G3,0.133,9.045,8.911
10.913,G#3,G#4,G3,0.149,8.710,8.561
10.937,F#3,G#3,G3,0.257,8.917,8.660
10.960,F#3,A#3,G3,1.330,10.500,9.170
10.983,F#3,A#3,G3,1.720,11.626,9.906
11.006,F#3,A#3,G3,2.417,12.467,10.049
11.029,F#3,A#3,C#4,2.993,13.146,10.153
11.053,F#3,A#3,C#4,2.504,13.362,10.858
11.076,F#3,A#3,F3,1.930,13.308,11.378
11.099,F#3,A#3,F3,1.147,12.815,11.668
11.122,A#3,F#3,F3,0.085,11.966,11.882
11.146,A#3,F#3,F3,1.447,11.908,10.461
11.169,A#3,F3,F#4,2.654,11.702,9.048
11.192,A#3,A#4,F#4,3.088,11.232,8.144
11.215,A#3,A#4,G#3,2.780,10.532,7.752
11.238,A#3,A#4,A3,2.542,9.668,7.127
11.262,A#3,A3,A#4,2.408,9.243,6.834
11.285,A#3,A3,A#4,1.848,8.667,6.819
11.308,A3,A#3,C#4,0.254,8.245,7.991
11.331,A3,A#3,G#4,1.368,9.240,7.872
11.355,A3,A#3,G#4,1.517,9.939,8.421
11.378,A3,A#3,G#4,1.298,10.227,8.929
11.401,A3,A#3,F#3,0.772,10.100,9.329
11.424,A3,A#3,F#3,0.066,9.568,9.502
11.447,F#3,A#3,A3,0.732,9.877,9.145
11.471,F#3,A#3,A3,1.141,10.227,9.086
11.494,F#3,A#3,A3,0.638,10.368,9.731
11.517,A#3,F#3,G3,0.167,10.409,10.242
11.540,A#3,F#3,G3,0.218,10.497,10.280
11.564,F#3,A#3,G3,0.232,10.424,10.192
11.587,F#3,A#3,E3,0.287,10.369,10.082
11.610,A#3,F#3,E3,0.471,10.823,10.352
11.633,A#3,E3,F#3,1.340,11.697,10.357
11.656,A#3,E3,F#3,1.794,12.220,10.426
11.680,A#3,B3,E3,2.225,12.412,10.187
11.703,A#3,B3,F3,1.969,12.421,10.453
11.726,A#3,B3,F3,1.910,12.522,10.612
11.749,A#3,B3,F3,1.941,12.383,10.442
11.773,A#3,B3,F3,2.064,11.996,9.932
11.796,A#3,F3,G#3,1.220,11.306,10.087
11.819,A#3,G#3,F3,0.308,10.481,10.173
11.842,G#3,E3,F3,0.723,10.423,9.700
11.865,G#3,E3,F3,0.788,10.458,9.670
11.889,G#3,E3,F3,0.930,10.352,9.422
11.912,G#3,F3,E3,1.155,10.480,9.325
11.935,G#3,E3,F3,1.324,10.646,9.322
11.958,G#3,E3,F3,1.152,11.096,9.944
11.981,G#3,E3,F3,1.414,11.916,10.502
12.005,G#3,E3,F3,1.686,12.530,10.844
12.028,G#3,E3,F3,1.992,13.181,11.189
12.051,G#3,E3,F3,1.558,13.454,11.896
12.074,G#3,E3,F3,1.040,13.755,12.714
12.098,G#3,E3,F3,0.805,14.147,13.342
12.121,G#3,E3,F3,0.334,14.241,13.907
12.144,E3,G#3,F3,0.088,14.281,14.193
12.167,E3,G#3,A3,0.342,14.441,14.100
12.190,E3,G#3,A3,0.458,14.368,13.910
12.214,E3,G#3,A3,0.485,14.046,13.561
12.237,E3,G#3,A3,0.848,14.118,13.269
12.260,E3,G#3,A3,0.789,13.753,12.964
12.283,E3,G#3,E4,0.497,13.144,12.647
12.307,E4,G#3,E3,0.305,12.599,12.294
12.330,E4,G#3,E3,0.656,12.481,11.825
12.353,E4,G#3,E3,1.161,12.456,11.295
12.376,E4,G#3,E3,1.298,12.114,10.816
12.399,E4,G#3,A3,0.732,11.329,10.597
12.423,G#3,A3,E4,0.148,10.414,10.266
12.446,G#3,A3,E3,0.390,10.459,10.069
12.469,G#3,A3,E3,0.076,10.422,10.346
12.492,E3,G#3,A3,0.026,10.757,10.731
12.516,E3,F3,G#3,0.530,11.243,10.713
12.539,E3,F3,A3,0.494,11.928,11.435
12.562,E3,F3,E4,0.391,12.224,11.833
12.585,E3,F3,E4,0.255,12.161,11.906
12.608,E4,E3,F3,0.074,12.300,12.226
12.632,E4,E3,F3,0.725,12.649,11.925
12.655,E4,E3,F3,1.762,12.826,11.064
12.678,E4,E3,A3,2.718,12.798,10.080
12.701,E4,A3,E5,3.419,12.541,9.122
12.725,E4,A3,E5,3.219,12.109,8.890
12.748,E4,A3,E5,3.576,11.831,8.255
12.771,E4,E5,A3,3.341,11.390,8.050
12.794,E4,E5,A3,2.801,10.540,7.740
12.817,E4,E5,E3,2.122,9.292,7.170
12.841,E4,D#4,E3,0.844,8.018,7.174
12.864,D#4,E3,E4,0.493,8.251,7.759
12.887,D#4,E3,G#3,0.820,9.449,8.630
12.910,D#4,G#3,E3,0.771,10.154,9.383
12.934,D#4,G#3,E3,0.550,10.639,10.089
12.957,D#4,G#3,E3,0.397,11.183,10.787
12.980,D#4,G#3,F#3,0.673,11.800,11.127
13.003,D#4,G#3,F#3,0.884,12.063,11.179
13.026,D#4,B3,F#3,0.180,12.168,11.989
13.050,B3,D#4,F#3,0.494,12.652,12.158
13.073,B3,D#4,F#3,0.971,12.916,11.945
13.096,B3,D#4,F#3,1.391,12.956,11.565
13.119,B3,D#4,F#3,1.888,12.920,11.032
13.142,B3,F#3,D#4,2.280,13.044,10.764
13.166,B3,F#3,D#4,2.984,13.567,10.583
13.189,B3,F#3,B4,3.931,14.106,10.175
13.212,B3,B4,F#3,4.104,14.531,10.427
13.235,B3,B4,E3,3.701,14.935,11.234
13.259,B3,B4,E3,3.323,15.219,11.897
13.282,B3,B4,E3,2.979,15.290,12.310
13.305,B3,B4,E3,2.508,15.188,12.680
13.328,B3,B4,E3,2.041,14.761,12.719
13.351,B3,B4,E3,1.511,14.044,12.532
13.375,B3,E3,B4,0.700,13.274,12.574
13.398,F#4,B3,E3,0.393,13.182,12.788
13.421,F#4,E3,B3,1.814,13.831,12.017
13.444,F#4,F#3,F4,2.492,14.230,11.738
13.468,F#4,F#3,F4,2.541,14.722,12.181
13.491,F#4,F#3,A3,2.520,14.905,12.385
13.514,F#4,F#3,A3,2.445,14.863,12.418
13.537,F#4,F#3,G4,2.312,14.462,12.150
13.560,F#4,F#3,G4,2.159,13.994,11.835
13.584,F#4,F#3,G4,2.084,13.266,11.182
13.607,F#4,G4,F#3,1.599,12.330,10.731
13.630,F#4,G4,F#3,1.257,11.640,10.383
13.653,F#4,G4,F#3,2.019,12.175,10.157
13.677,F#4,G4,G3,2.531,12.395,9.864
13.700,F#4,G4,D#4,2.892,12.358,9.465
13.723,F#4,G4,D4,3.381,12.290,8.909
13.746,F#4,G4,A3,4.589,12.595,8.006
13.769,F#4,G4,F#3,5.093,12.913,7.820
13.793,F#4,G4,F#3,5.567,13.429,7.862
13.816,F#4,G4,F#3,5.539,13.735,8.197
13.839,F#4,G4,F#3,5.132,13.742,8.610
13.862,F#4,G4,A3,4.551,13.612,9.061
13.886,F#4,G4,A3,4.074,13.412,9.337
13.909,F#4,G4,A#4,3.314,12.899,9.586
13.932,F#4,G4,A#4,2.340,12.204,9.863
13.955,F#4,A#3,A#4,0.428,11.187,10.759
13.978,A#3,A#4,G4,1.056,11.665,10.609
14.002,A#3,A#4,G#3,1.533,12.282,10.749
14.025,A#3,G#3,A#4,1.464,12.627,11.163
14.048,A#3,G#3,G#4,1.315,12.689,11.375
14.071,A#3,G#3,C#4,1.359,12.580,11.222
14.095,A#3,C#4,D4,0.503,12.217,11.715
14.118,C#4,A#3,D4,0.632,12.220,11.588
14.141,C#4,A#3,D4,1.667,12.467,10.800
14.164,C#4,A#3,D4,2.497,12.380,9.883
14.187,C#4,A#3,D4,3.075,11.992,8.917
14.211,C#4,A#3,D4,3.596,11.555,7.959
14.234,C#4,D4,C#5,3.730,10.700,6.970
14.257,C#4,D4,G#4,3.411,9.915,6.504
14.280,C#4,D4,G#4,2.344,9.573,7.229
14.303,C#4,D4,G#4,1.429,9.310,7.881
14.327,C#4,D4,C#5,0.827,9.142,8.315
14.350,C#4,D4,C#5,0.567,9.217,8.649
14.373,C#4,D4,C#5,0.452,9.127,8.675
14.396,C#4,D4,C#5,1.756,10.128,8.372
14.420,C#4,D4,C#5,2.919,11.043,8.124
14.443,C#4,C#5,D4,3.546,11.486,7.940
14.466,C#4,C#5,D4,3.735,11.654,7.919
14.489,C#4,C#5,D4,3.781,11.504,7.723
14.512,C#4,C#5,D4,3.858,11.071,7.214
14.536,C#4,F#3,C#5,3.886,10.795,6.908
14.559,C#4,F#3,D4,2.502,10.679,8.177
14.582,C#4,F#3,D4,1.081,10.676,9.595
14.605,C#4,F#3,E3,0.122,10.551,10.429
14.629,F#3,C#4,D4,0.617,10.848,10.231
14.652,F#3,D4,C#4,0.478,11.120,10.642
14.675,F#3,D4,E3,0.066,11.236,11.170
14.698,D4,F#3,E3,0.020,11.351,11.331
14.721,D4,F#3,C#4,0.359,11.365,11.006
14.745,D4,F#3,C#4,0.601,10.963,10.362
14.768,D4,C#4,F#3,0.377,10.538,10.161
14.791,D4,C#4,F#3,0.101,10.212,10.111
14.814,C#4,D4,F#3,0.495,10.256,9.762
14.838,C#4,D4,F#3,0.975,10.260,9.285
14.861,C#4,D4,C#5,0.747,9.587,8.840
14.884,C#4,D4,C#5,0.491,8.900,8.409
14.907,C#4,D4,D5,0.534,8.561,8.027
14.930,C#4,D4,D5,0.229,8.268,8.040
14.954,D4,C#4,D5,0.175,8.013,7.838
14.977,C#4,D4,D5,0.480,8.626,8.146
15.000,C#4,D4,C#5,1.373,9.364,7.991
15.023,C#4,D4,C#5,2.150,9.702,7.552
15.047,C#4,C#5,D4,2.730,9.948,7.218
15.070,C#4,C#5,E3,2.468,9.764,7.295
15.093,C#4,E3,G3,0.900,9.246,8.347
15.116,E3,G3,C#4,0.002,8.869,8.867
15.139,G3,E3,C#4,0.946,9.749,8.803
15.163,G3,E3,F3,1.768,10.425,8.658
15.186,G3,F3,G#3,2.187,11.064,8.877
15.209,G3,C#4,F3,2.176,11.450,9.273
15.232,G3,C#4,F3,1.668,11.462,9.794
15.256,G3,C#4,D4,1.167,11.176,10.009
15.279,G3,D4,C#4,0.404,10.529,10.125
15.302,D4,C#4,G3,0.268,10.163,9.895
15.325,D4,C#4,D#4,0.218,9.986,9.768
15.348,D#4,D#5,D4,0.762,10.673,9.911
15.372,D#4,D#5,D4,1.343,11.802,10.459
15.395,D#4,D#5,C#5,1.817,12.542,10.725
15.418,D#4,D#5,D4,2.160,13.011,10.851
15.441,D#4,D#5,B3,2.683,13.388,10.705
15.464,D#4,D#5,G3,3.523,13.796,10.273
15.488,D#4,D#5,G3,4.025,13.777,9.753
15.511,D#4,D#5,D4,4.170,13.357,9.186
15.534,D#4,D4,G#4,2.249,12.717,10.468
15.557,D#4,D4,C#4,0.306,12.055,11.749
15.581,D4,C#4,D#4,1.271,12.653,11.382
15.604,D4,C#4,D#4,1.309,13.098,11.789
15.627,D4,C#4,D5,1.055,13.208,12.153
15.650,D4,C#4,C#5,0.784,13.114,12.330
15.673,D4,C#4,C#5,0.443,12.670,12.227
15.697,C#4,D4,C#5,0.220,12.053,11.833
15.720,C#4,D4,C#5,0.911,11.550,10.640
15.743,C#4,D4,C#5,0.995,10.745,9.750
15.766,C#4,D4,C#5,0.965,9.735,8.770
15.790,C#4,C#5,D4,0.745,8.783,8.038
15.813,B3,C#4,C#5,0.922,8.049,7.126
15.836,B3,C4,D5,2.857,8.361,5.505
15.859,B3,C4,G#4,2.023,8.136,6.113
15.882,B3,C4,F#3,1.764,8.027,6.264
15.906,B3,C4,F#3,1.655,7.715,6.060
15.929,B3,C4,F#3,1.098,6.973,5.875
15.952,A#4,C4,B3,0.013,5.978,5.965
15.975,A#4,G#4,A4,0.274,6.300,6.026
15.999,G#4,A#4,A4,0.400,6.455,6.055
16.022,G#4,G#3,A4,0.660,6.789,6.129
16.045,G#4,G#3,A4,0.015,6.828,6.813
16.068,G#3,C#5,G#4,0.072,7.009,6.937
16.091,C#5,F#3,G#3,0.616,7.645,7.028
16.115,F#3,C#5,A4,0.392,8.277,7.885
16.138,F#3,C#5,G3,1.179,9.320,8.141
16.161,F#3,C#5,G3,1.804,9.833,8.028
16.184,F#3,G3,C#5,2.580,10.078,7.498
16.208,F#3,F3,G3,2.245,9.922,7.677
16.231,F#3,F3,G3,1.042,9.189,8.147
16.254,F#3,F3,G3,0.506,8.814,8.309
16.277,F#3,E3,F3,0.183,8.834,8.651
16.300,E3,F#3,F3,0.799,9.292,8.493
16.324,E3,F#3,F3,1.466,9.882,8.416
16.347,E3,F#3,G3,1.313,9.910,8.597
16.370,E3,F#3,G3,1.070,9.696,8.626
16.393,E3,F#3,G3,0.125,9.059,8.934
16.417,F#3,G3,E3,0.241,9.033,8.792
16.440,F#3,G3,E3,0.734,9.323,8.589
16.463,F#3,G3,F3,1.634,9.895,8.261
16.486,F#3,G3,F3,2.578,10.457,7.879
16.509,F#3,G3,F3,3.306,10.807,7.501
16.533,F#3,F3,G3,3.589,10.872,7.283
16.556,F#3,F3,G3,3.545,10.805,7.260
16.579,F#3,F3,G3,3.668,10.664,6.996
16.602,F#3,F3,E3,4.071,10.666,6.595
16.625,F#3,F3,F#4,4.326,10.841,6.515
16.649,F#3,F#4,F3,3.206,11.277,8.071
16.672,F#3,F#4,F4,2.435,11.554,9.119
16.695,F#3,F#4,F4,1.665,11.885,10.220
16.718,F#3,F#4,F4,0.953,12.222,11.269
16.742,F#3,F#4,F4,0.143,12.093,11.950
16.765,F#4,F#3,F4,0.919,12.480,11.561
16.788,F#4,F4,F#3,1.799,13.048,11.249
16.811,F#4,F4,F#3,2.855,13.534,10.679
16.834,F#4,F4,F#3,3.960,13.694,9.734
16.858,F#4,F#3,F4,3.872,13.724,9.852
16.881,F#4,F#3,F4,3.885,13.509,9.624
16.904,F#4,F#3,G4,4.064,13.168,9.105
16.927,F#4,F#3,G4,4.046,12.862,8.817
16.951,F#4,F#3,B3,3.719,12.499,8.780
16.974,F#4,F#3,B3,3.352,12.540,9.188
16.997,F#4,F#3,B3,2.931,12.897,9.966
17.020,F#4,C#4,B3,2.858,13.354,10.496
17.043,F#4,C#4,B3,2.393,13.477,11.083
17.067,F#4,C#4,B3,2.224,13.525,11.302
17.090,F#4,C#4,B3,2.354,13.478,11.124
17.113,F#4,B3,C#4,3.023,13.830,10.806
17.136,F#4,C#4,B3,3.639,14.015,10.377
17.160,F#4,F4,C#4,4.392,14.206,9.814
17.183,F#4,F#3,F4,4.474,14.115,9.641
17.206,F#4,F#3,F4,4.406,13.787,9.381
17.229,F#4,F4,F#3,4.128,13.299,9.171
17.252,F#4,F#3,F4,3.350,12.350,9.000
17.276,F#4,F#3,F4,2.326,10.833,8.507
17.299,F#4,F#3,F4,1.629,9.304,7.675
17.322,F#4,C#5,F4,0.477,7.090,6.614
17.345,C#5,C#4,D4,0.160,6.238,6.078
17.369,D4,C#5,C#4,0.063,5.663,5.600
17.392,C#5,D4,C#4,0.190,5.458,5.268
17.415,C#5,C#4,D4,0.352,5.511,5.159
17.438,C#4,C#5,D4,0.485,5.873,5.388
17.461,C#4,D4,C#5,1.175,6.230,5.055
17.485,C#4,D4,C#5,1.057,6.497,5.440
17.508,C#4,D4,F#3,0.207,6.597,6.390
17.531,D4,C#4,G3,1.136,7.672,6.536
17.554,D4,G3,C#4,0.964,8.115,7.152
17.578,D4,F#3,E3,1.013,9.391,8.378
17.601,D4,F#3,G3,0.990,10.487,9.498
17.624,D4,G3,F#3,0.991,11.185,10.195
17.647,D4,G3,A#3,1.095,11.622,10.527
17.670,D4,D#4,G3,1.281,11.895,10.614
17.694,D4,D#4,A#3,1.454,12.247,10.794
17.717,D4,D#4,D5,1.955,12.454,10.499
17.740,D4,D5,D#4,2.640,12.583,9.942
17.763,D4,D5,D#4,2.630,12.893,10.262
17.786,D4,D5,A#3,2.870,13.283,10.413
17.810,D4,D5,A#3,3.081,13.517,10.436
17.833,D4,D5,A#3,3.125,13.441,10.316
17.856,D4,D5,C#4,2.983,12.990,10.007
17.879,D4,D5,C#4,2.547,12.066,9.519
17.903,D4,D5,C#4,2.279,11.048,8.769
17.926,D4,D5,C#4,1.908,9.910,8.002
17.949,D4,C#4,D5,0.582,8.847,8.265
17.972,C#4,D4,D5,0.839,8.841,8.002
17.995,C#4,D4,D5,1.818,9.173,7.355
18.019,C#4,D4,D5,2.080,9.346,7.266
18.042,C#4,D4,E3,2.104,9.311,7.207
18.065,C#4,B3,E3,1.712,9.337,7.625
18.088,C#4,B3,E3,1.004,9.387,8.383
18.112,C#4,F#3,B3,0.416,9.937,9.521
18.135,F#3,C#4,E3,0.256,10.603,10.346
18.158,F#3,C#4,B3,0.209,11.265,11.057
18.181,C#4,F#3,B3,0.440,12.084,11.644
18.204,C#4,F#3,F3,1.048,12.719,11.670
18.228,C#4,F#3,F3,1.254,13.018,11.763
18.251,C#4,F#3,C#5,1.492,13.083,11.591
18.274,C#4,F#3,C#5,1.965,12.978,11.013
18.297,C#4,F#3,C#5,2.426,12.613,10.187
18.321,C#4,C#5,F#3,3.270,12.087,8.817
18.344,C#4,C#5,E3,3.305,11.358,8.053
18.367,C#4,C#5,E3,3.171,10.417,7.247
18.390,C#4,C#5,E3,3.034,9.406,6.372
18.413,C#4,B3,E3,1.566,8.492,6.926
18.437,B3,E3,C#4,1.072,8.530,7.458
18.460,B3,E3,D#4,1.536,9.945,8.408
18.483,B3,D#4,E3,2.032,11.048,9.015
18.506,B3,D#4,G#3,2.139,11.792,9.653
18.530,B3,G#3,D#4,2.143,12.209,10.065
18.553,B3,G#3,D#4,1.749,12.373,10.625
18.576,B3,G#3,F4,1.543,12.197,10.654
18.599,B3,D4,F4,1.088,11.742,10.653
18.622,B3,D4,F4,0.338,11.065,10.727
18.646,D4,B3,F4,0.457,10.475,10.017
18.669,D4,F3,F4,0.716,9.891,9.175
18.692,D4,F3,C4,0.793,8.806,8.013
18.715,D4,C4,F3,0.063,7.353,7.289
18.739,C4,B3,D4,0.227,6.614,6.386
18.762,B3,C4,D#4,0.035,6.424,6.389
18.785,B3,C4,D#4,0.512,6.241,5.729
18.808,B3,C4,D#4,0.574,5.848,5.274
18.831,B3,C4,D#4,0.810,5.212,4.402
18.855,B3,C4,D#4,0.666,4.261,3.595
18.878,B3,C4,A3,0.060,3.883,3.823
18.901,D#4,C4,A3,0.297,4.244,3.947
18.924,D#4,A3,C4,2.012,6.177,4.165
18.947,D#4,D#5,A#3,3.764,8.889,5.125
18.971,D#4,D#5,A#4,3.621,10.582,6.960
18.994,D#4,D#5,A#4,3.532,11.674,8.142
19.017,D#4,D#5,G#3,3.632,12.553,8.921
19.040,D#4,D#5,G#3,3.844,13.175,9.331
19.064,D#4,D#5,G#3,4.019,13.543,9.525
19.087,D#4,D#5,G#3,4.092,13.564,9.473
19.110,D#4,G#3,D#5,3.932,13.354,9.422
19.133,D#4,G#3,D#5,3.820,12.976,9.155
19.156,D#4,G#3,D#5,3.669,12.340,8.671
19.180,D#4,G#3,D#5,3.271,11.463,8.192
19.203,D#4,G#3,F#3,2.958,10.466,7.507
19.226,D#4,G#3,F#3,1.833,9.518,7.684
19.249,D#4,G#3,F#3,0.932,8.835,7.903
19.273,D#4,G#3,F3,0.239,8.219,7.979
19.296,G#3,F3,G3,0.261,8.023,7.762
19.319,D4,F3,G3,0.012,8.391,8.378
19.342,D4,F3,G3,0.704,9.301,8.596
19.365,D4,G3,F3,1.545,10.044,8.498
19.389,D4,G3,F3,1.897,10.398,8.501
19.412,D4,G3,F3,2.251,10.600,8.349
19.435,D4,C#4,G3,1.492,10.522,9.029
19.458,D4,C#4,G3,0.208,10.174,9.966
19.482,C#4,D4,G#3,1.764,11.421,9.657
19.505,C#4,D4,G#3,3.730,12.531,8.801
19.528,C#4,G#3,F#3,4.490,13.157,8.667
19.551,C#4,F#3,C#5,4.711,13.366,8.655
19.574,C#4,C#5,G#3,4.446,13.229,8.783
19.598,C#4,G#3,C#5,4.148,12.961,8.813
19.621,C#4,G#3,C#5,3.576,12.672,9.096
19.644,C#4,C#5,E3,2.924,12.307,9.383
19.667,C#4,C#5,G#3,2.328,12.013,9.685
19.691,C#4,C#5,G#3,1.700,11.514,9.814
19.714,F#4,C#4,C#5,0.048,10.811,10.763
19.737,F#4,F4,E4,1.867,12.064,10.197
19.760,F#4,F4,E4,2.415,12.879,10.464
19.783,F#4,F4,E4,3.010,13.384,10.374
19.807,F#4,F4,E4,3.729,13.669,9.940
19.830,F#4,F4,E3,4.511,13.707,9.195
19.853,F#4,E3,F4,5.696,13.957,8.262
19.876,F#4,E3,A3,6.070,14.198,8.128
19.900,F#4,E3,G4,6.683,14.201,7.518
19.923,F#4,G4,E3,6.319,14.008,7.689
19.946,F#4,G4,E3,5.784,13.684,7.900
19.969,F#4,E3,A3,5.149,13.481,8.332
19.992,F#4,G#3,E3,3.856,13.397,9.541
20.016,F#4,G#3,G4,2.505,13.365,10.860
20.039,F#4,G#3,D#4,1.442,13.038,11.596
20.062,F#4,G#3,A3,0.579,12.492,11.913
20.085,F#4,G#3,A3,0.743,12.630,11.886
20.108,F#4,G#3,A3,0.991,12.516,11.525
20.132,F#4,G#3,A3,1.554,12.372,10.818
20.155,F#4,A3,G#3,1.736,12.212,10.476
20.178,F#4,A3,C#5,2.179,12.028,9.849
20.201,F#4,A3,C#5,2.722,11.659,8.937
20.225,F#4,B3,D4,2.205,11.119,8.914
20.248,F#4,B3,D4,0.928,10.218,9.290
20.271,B3,F#4,D4,0.327,9.261,8.934
20.294,B3,D4,C#4,0.881,8.674,7.793
20.317,B3,D4,C#4,0.101,7.391,7.290
20.341,D4,B3,C#4,0.243,6.614,6.371
20.364,D4,B3,E4,0.397,5.917,5.520
20.387,E4,D4,B3,0.068,5.711,5.644
20.410,E4,D4,D5,0.710,5.900,5.189
20.434,E4,D5,D4,0.937,5.845,4.908
20.457,E4,D5,C#4,0.616,5.603,4.986
20.480,C#4,E4,D5,0.575,5.675,5.101
20.503,C#4,D5,E4,1.485,6.416,4.931
20.526,C#4,F#3,B3,1.119,6.696,5.577
20.550,F#3,C#4,E3,0.170,7.400,7.230
20.573,F#3,C#4,E3,0.935,8.811,7.876
20.596,F#3,E3,C#4,0.833,9.560,8.726
20.619,F#3,E3,C#4,0.594,9.823,9.229
20.643,F#3,E3,F3,0.234,9.658,9.423
20.666,E3,F#3,F3,0.228,9.258,9.030
20.689,E3,F#3,F3,0.360,8.661,8.301
20.712,E3,F3,F#3,0.126,8.104,7.979
20.735,F3,C#4,E3,0.033,7.508,7.476
20.759,C#4,A#3,E3,1.526,8.287,6.760
20.782,C#4,A#3,D4,2.234,9.026,6.792
20.805,C#4,D4,A#3,2.375,9.863,7.488
20.828,C#4,D4,A#3,2.169,10.709,8.539
20.852,C#4,D4,A#3,2.317,11.525,9.208
20.875,C#4,D4,A#3,2.430,11.934,9.503
20.898,C#4,D4,A#3,2.240,11.991,9.751
20.921,C#4,D4,D5,1.604,11.791,10.188
20.944,C#4,D4,D5,0.691,11.355,10.665
20.968,D4,C#4,D5,0.078,11.034,10.956
20.991,D4,C#4,D5,0.667,11.122,10.455
21.014,D4,C#4,D5,1.149,10.965,9.816
21.037,D4,C#4,D5,1.156,11.012,9.857
21.060,D4,C#4,D5,1.134,11.159,10.025
21.084,D4,C#4,F3,0.775,11.277,10.502
21.107,D4,C#4,F3,0.227,11.241,11.014
21.130,C#4,D4,F3,0.542,11.488,10.946
21.153,C#4,F3,D4,1.052,11.707,10.654
21.177,C#4,F3,G3,1.061,11.829,10.769
21.200,C#4,F#3,F3,0.522,11.568,11.046
21.223,F#3,C#4,F3,0.290,11.291,11.001
21.246,F#3,B3,E3,0.512,11.244,10.732
21.269,B3,F#3,E3,0.484,11.273,10.789
21.293,B3,F#3,E3,1.357,11.662,10.305
21.316,B3,F#3,B4,2.639,12.086,9.447
21.339,B3,F#3,B4,3.429,12.429,9.000
21.362,B3,C#4,F#3,3.464,12.707,9.242
21.386,B3,C#4,B4,2.003,12.655,10.652
21.409,B3,C#4,C#5,0.450,12.381,11.931
21.432,C#4,B3,C#5,1.372,13.153,11.781
21.455,C#4,B3,C#5,3.094,13.981,10.887
21.478,C#4,C#5,D4,3.091,14.552,11.461
21.502,C#4,C#5,D4,2.869,14.895,12.027
21.525,C#4,C#5,D4,2.746,14.991,12.245
21.548,C#4,D4,C#5,2.239,14.951,12.712
21.571,C#4,D4,C#5,2.064,14.895,12.831
21.595,C#4,C#5,D4,2.257,14.931,12.674
21.618,C#4,C#5,D4,2.483,15.042,12.559
21.641,C#4,C#5,D4,2.775,15.234,12.458
21.664,C#4,C#5,D4,3.163,15.292,12.129
21.687,C#4,C#5,D4,3.457,15.059,11.602
21.711,C#4,C#5,C4,3.768,14.551,10.783
21.734,C#4,C#5,B3,3.999,13.911,9.912
21.757,C#4,B3,C#5,2.087,13.280,11.193
21.780,C#4,B3,C4,0.369,12.404,12.036
21.804,B3,C#4,C4,1.467,12.538,11.071
21.827,B3,C#4,B4,3.323,12.934,9.611
21.850,B3,C#4,B4,4.305,12.850,8.546
21.873,B3,C#4,B4,4.762,13.033,8.272
21.896,B3,C#4,B4,4.118,13.250,9.132
21.920,B3,C#4,B4,2.798,13.117,10.319
21.943,B3,C#4,D4,1.538,12.675,11.137
21.966,B3,C#4,D4,0.707,11.950,11.243
21.989,C#4,D4,B3,0.225,11.818,11.593
22.013,C#4,D4,C#5,0.206,12.472,12.266
22.036,C#4,D4,C#5,0.137,12.707,12.570
22.059,C#4,D4,C#5,0.162,12.593,12.431
22.082,C#4,D4,D#4,0.126,12.262,12.136
22.105,D#4,D4,C#4,0.311,12.129,11.818
22.129,D#4,D4,C#4,1.581,12.765,11.184
22.152,D#4,D4,A#4,3.302,13.293,9.991
22.175,D#4,D#5,A#4,3.934,13.591,9.656
22.198,D#4,D#5,E4,3.957,13.610,9.652
22.221,D#4,D#5,A#4,4.020,13.699,9.680
22.245,D#4,D#5,A#4,4.216,13.723,9.507
22.268,D#4,E3,A#4,3.728,13.529,9.801
22.291,D#4,E3,A#4,3.105,13.134,10.029
22.314,D#4,E3,G#3,2.914,12.882,9.968
22.338,D#4,E3,G#3,3.041,12.656,9.615
22.361,D#4,G#3,E3,3.255,12.209,8.954
22.384,D#4,G#3,F3,2.584,11.555,8.971
22.407,D#4,G#3,F3,1.776,10.599,8.823
22.430,D#4,G#3,E3,1.397,9.996,8.599
22.454,D#4,F3,F#3,0.443,9.306,8.863
22.477,E3,F#3,A#3,0.137,9.616,9.479
22.500,E3,A#3,F#3,0.313,10.136,9.823
22.523,A#3,E3,F3,0.109,10.333,10.224
22.547,A#3,E3,F3,0.579,10.583,10.005
22.570,A#3,E3,B3,1.372,10.658,9.286
22.593,A#3,B3,E3,1.756,10.599,8.843
22.616,A#3,B3,E3,0.898,10.718,9.820
22.639,A#3,B3,C#5,0.512,10.936,10.423
22.663,A#3,B3,C#5,0.228,11.005,10.777
22.686,B3,A#3,C#5,0.121,11.023,10.903
22.709,A#3,B3,C#5,0.010,11.224,11.214
22.732,B3,A#3,C#5,0.325,11.255,10.930
22.756,A#3,B3,C#5,0.088,11.312,11.223
22.779,A#3,B3,C#5,0.110,11.416,11.306
22.802,A#3,B3,F#3,0.179,11.591,11.413
22.825,B3,A#3,B4,0.521,12.026,11.506
22.848,B3,A#3,B4,1.358,12.788,11.430
22.872,B3,A#3,B4,1.057,13.425,12.368
22.895,B3,A#3,B4,0.624,13.844,13.220
22.918,A#3,B3,A#4,0.107,14.046,13.938
22.941,A#3,B3,A#4,0.536,14.581,14.044
22.965,A#3,B3,A#4,0.959,15.047,14.089
22.988,A#3,B3,A#4,1.420,15.528,14.108
23.011,A#3,B3,A#4,1.973,15.810,13.837
23.034,A#3,B3,A#4,2.400,15.841,13.442
23.057,A#3,B3,A#4,2.674,15.597,12.923
23.081,A#3,B3,A#4,2.974,15.260,12.286
23.104,A#3,B3,G3,2.860,14.824,11.965
23.127,A#3,B3,G3,2.494,14.545,12.051
23.150,A#3,B3,G3,2.013,14.295,12.282
23.174,A#3,B3,G3,1.316,13.792,12.476
23.197,A#3,B3,A3,0.702,13.082,12.381
23.220,A#3,B3,A3,0.356,12.394,12.039
23.243,A#3,B3,A3,0.553,11.936,11.384
23.266,A#3,A3,G#3,0.130,11.296,11.165
23.290,G#3,A3,A#3,0.687,11.738,11.051
23.313,G#3,A3,G#4,1.408,12.082,10.674
23.336,G#3,A3,G3,2.105,12.112,10.007
23.359,G#3,G3,A3,2.283,11.898,9.615
23.382,G#3,G3,G4,2.013,11.600,9.587
23.406,G#3,G3,G4,1.886,11.304,9.418
23.429,G#3,G3,F#3,1.390,10.699,9.308
23.452,G#3,G3,F#3,0.514,9.683,9.168
23.475,F#3,G3,G#3,0.719,9.509,8.790
23.499,F#3,F#4,G3,2.070,10.658,8.588
23.522,F#3,F#4,G3,2.781,11.723,8.942
23.545,F#3,F#4,B3,3.179,12.367,9.188
23.568,F#3,E3,B3,2.456,12.618,10.163
23.591,F#3,E3,B3,1.621,12.635,11.013
23.615,F#3,E3,B3,1.177,12.580,11.403
23.638,F#3,B3,E3,0.451,12.222,11.771
23.661,B3,E3,F#3,0.289,12.007,11.718
23.684,B3,C4,E3,0.638,12.237,11.599
23.708,B3,C4,E3,0.507,12.568,12.061
23.731,B3,C4,E3,0.098,12.593,12.495
23.754,C4,B3,B4,0.109,12.716,12.606
23.777,C4,B3,B4,0.151,12.675,12.524
23.800,C4,B3,B4,0.037,12.394,12.358
23.824,B3,C4,B4,0.134,12.270,12.136
23.847,C4,B3,B4,0.412,12.270,11.858
23.870,C4,B3,B4,0.523,12.036,11.513
23.893,C4,B3,B4,0.363,11.614,11.250
23.917,B3,C4,B4,0.261,11.171,10.910
23.940,B3,C4,B4,0.832,10.954,10.122
23.963,B3,B4,C4,0.671,10.574,9.903
23.986,B3,B4,C4,0.682,10.819,10.137
24.009,B3,B4,C4,0.783,10.801,10.018
24.033,B3,B4,C4,0.779,10.589,9.811
24.056,B3,B4,C4,0.687,10.345,9.658
24.079,B3,E3,B4,1.109,10.472,9.363
24.102,B3,E3,B4,0.922,10.252,9.330
24.126,B3,E3,F#3,0.456,9.766,9.310
24.149,E3,B3,F#3,0.022,9.097,9.075
24.172,F#3,E3,B3,0.369,8.965,8.595
24.195,F#3,F3,E3,0.504,8.874,8.371
24.218,F#3,F3,G3,0.016,8.298,8.282
24.242,F3,F#3,G3,0.653,8.251,7.598
24.265,F3,G3,F#3,0.726,7.991,7.265
24.288,F#3,F3,G3,0.242,7.762,7.520
24.311,F#3,F3,E3,1.607,8.735,7.128
24.335,F#3,B3,E3,1.931,9.545,7.614
24.358,F#3,B3,E3,1.415,10.185,8.770
24.381,F#3,B3,E3,1.463,10.923,9.460
24.404,F#3,B3,G3,1.584,11.387,9.803
24.427,F#3,B3,G3,1.392,11.496,10.104
24.451,F#3,G3,B3,1.198,11.674,10.476
24.474,F#3,G3,B3,0.243,11.456,11.214
24.497,G3,F#3,B3,0.319,11.713,11.395
24.520,G3,F#3,E3,0.312,11.980,11.669
24.543,F#3,G3,F3,0.079,12.053,11.974
24.567,F#3,G3,F3,0.145,11.999,11.854
24.590,G3,F#3,F3,0.363,12.136,11.773
24.613,G3,G4,F#3,1.061,12.664,11.603
24.636,G3,G4,F#3,1.371,13.075,11.703
24.660,G3,G4,G#3,1.567,13.027,11.460
24.683,G3,G4,G#3,1.736,12.779,11.043
24.706,G3,G#3,D4,1.271,12.327,11.057
24.729,G3,G#3,A3,0.429,11.993,11.564
24.752,G#3,G3,A3,0.665,12.086,11.421
24.776,G#3,A3,G3,0.954,12.240,11.286
24.799,G#3,A3,G3,0.838,11.975,11.137
24.822,G#3,A3,E3,0.928,11.516,10.588
24.845,G#3,E3,A3,0.512,11.240,10.728
24.869,E3,G#3,F3,0.407,11.330,10.923
24.892,E3,B3,F3,0.293,11.595,11.302
24.915,B3,E3,F3,0.716,12.343,11.627
24.938,B3,F3,E3,1.313,13.011,11.698
24.961,B3,F3,E3,1.587,13.318,11.730
24.985,B3,F3,E3,1.454,13.362,11.908
25.008,B3,F3,F#3,1.291,13.304,12.012
25.031,B3,F3,F#3,1.148,12.965,11.817
25.054,B3,F3,F#3,0.793,12.228,11.435
25.078,C#4,F3,B3,0.295,11.822,11.526
25.101,C#4,F3,D4,1.008,12.434,11.426
25.124,C#4,D4,F3,1.379,12.726,11.347
25.147,C#4,D4,F3,1.307,12.549,11.243
25.170,C#4,D4,A3,1.336,12.018,10.682
25.194,C#4,F#3,A3,0.906,11.267,10.361
25.217,F#3,C#4,F#4,0.685,10.548,9.862
25.240,F#3,D4,F#4,0.453,10.957,10.504
25.263,F#3,D4,E3,0.154,11.339,11.185
25.287,F#3,D4,G3,0.175,12.046,11.872
25.310,D4,F#3,G3,0.271,12.726,12.455
25.333,D4,F#3,E3,0.849,13.486,12.637
25.356,D4,F#3,E3,1.399,13.956,12.557
25.379,D4,F#3,E3,1.756,14.081,12.325
25.403,D4,D#4,F#3,0.703,13.941,13.238
25.426,D#4,D4,F#3,0.198,13.852,13.653
25.449,D#4,D4,D#5,0.979,14.002,13.023
25.472,D#4,D4,D#5,1.686,13.719,12.033
25.496,D#4,D4,D#5,2.372,13.368,10.996
25.519,D#4,G3,F3,2.885,12.779,9.894
25.542,D#4,G3,A#3,2.696,12.054,9.358
25.565,D#4,G3,A#3,2.961,11.305,8.345
25.588,D#4,G3,G#3,3.219,10.484,7.265
25.612,D#4,E3,F#3,2.862,10.102,7.239
25.635,D#4,E3,E4,2.645,10.069,7.424
25.658,D#4,E3,E4,2.193,10.084,7.891
25.681,D#4,E3,E4,2.940,11.116,8.175
25.704,D#4,D#5,E3,3.914,12.341,8.427
25.728,D#4,D#5,E3,3.883,13.359,9.476
25.751,D#4,D#5,E3,3.764,14.078,10.314
25.774,D#4,D#5,E3,3.608,14.452,10.844
25.797,D#4,D#5,D4,3.451,14.459,11.007
25.821,D#4,D#5,D4,3.398,14.277,10.879
25.844,D#4,D4,D#5,2.628,14.216,11.588
25.867,D#4,D4,D#5,1.389,14.132,12.743
25.890,D#4,D4,E3,0.255,13.694,13.439
25.913,D4,D#4,E3,1.069,13.984,12.915
25.937,D4,D#4,G#3,1.935,14.474,12.539
25.960,D4,D#4,G#3,2.398,14.812,12.414
25.983,D4,C#4,G#3,2.262,14.898,12.635
26.006,D4,C#4,E3,1.477,14.753,13.277
26.030,D4,C#4,E3,0.652,14.379,13.727
26.053,D4,C#4,E3,0.088,13.962,13.874
26.076,C#4,D4,G#3,0.186,13.703,13.517
26.099,C#4,D4,G#3,0.036,13.183,13.147
26.122,D4,C#4,D#4,0.338,12.659,12.322
26.146,D4,D#4,E4,0.599,12.285,11.686
26.169,D4,E4,D#4,0.220,11.525,11.305
26.192,E4,D4,D#4,0.417,10.669,10.252
